<?xml version="1.0" encoding="ISO-8859-1"?>
<!--- Copyright (c) 2014, The Linux Foundation. All rights reserved.            -->
<!---                                                                           -->
<!--- Redistribution and use in source and binary forms, with or without        -->
<!--- modification, are permitted provided that the following conditions are    -->
<!--- met:                                                                      -->
<!---     * Redistributions of source code must retain the above copyright      -->
<!---       notice, this list of conditions and the following disclaimer.       -->
<!---     * Redistributions in binary form must reproduce the above             -->
<!---       copyright notice, this list of conditions and the following         -->
<!---       disclaimer in the documentation and/or other materials provided     -->
<!---       with the distribution.                                              -->
<!---     * Neither the name of The Linux Foundation nor the names of its       -->
<!---       contributors may be used to endorse or promote products derived     -->
<!---       from this software without specific prior written permission.       -->
<!---                                                                           -->
<!--- THIS SOFTWARE IS PROVIDED "AS IS" AND ANY EXPRESS OR IMPLIED              -->
<!--- WARRANTIES, INCLUDING, BUT NOT LIMITED TO, THE IMPLIED WARRANTIES OF      -->
<!--- MERCHANTABILITY, FITNESS FOR A PARTICULAR PURPOSE AND NON-INFRINGEMENT    -->
<!--- ARE DISCLAIMED.  IN NO EVENT SHALL THE COPYRIGHT OWNER OR CONTRIBUTORS    -->
<!--- BE LIABLE FOR ANY DIRECT, INDIRECT, INCIDENTAL, SPECIAL, EXEMPLARY, OR    -->
<!--- CONSEQUENTIAL DAMAGES (INCLUDING, BUT NOT LIMITED TO, PROCUREMENT OF      -->
<!--- SUBSTITUTE GOODS OR SERVICES; LOSS OF USE, DATA, OR PROFITS; OR           -->
<!--- BUSINESS INTERRUPTION) HOWEVER CAUSED AND ON ANY THEORY OF LIABILITY,     -->
<!--- WHETHER IN CONTRACT, STRICT LIABILITY, OR TORT (INCLUDING NEGLIGENCE      -->
<!--- OR OTHERWISE) ARISING IN ANY WAY OUT OF THE USE OF THIS SOFTWARE, EVEN    -->
<!--- IF ADVISED OF THE POSSIBILITY OF SUCH DAMAGE.                             -->

<mixer>
    <!-- These are the initial mixer settings -->
    <ctl name="LSM1 MUX" value="None" />
    <ctl name="LSM2 MUX" value="None" />
    <ctl name="LSM3 MUX" value="None" />
    <ctl name="LSM4 MUX" value="None" />
    <ctl name="LSM5 MUX" value="None" />
    <ctl name="LSM6 MUX" value="None" />
    <ctl name="LSM7 MUX" value="None" />
    <ctl name="LSM8 MUX" value="None" />
    <ctl name="SLIMBUS_5_TX LSM Function" value="None" />
    <ctl name="MADONOFF Switch" value="0" />
    <ctl name="MAD Input" value="DMIC1" />

    <path name="listen-voice-wakeup-1">
        <ctl name="LSM1 MUX" value="SLIMBUS_5_TX" />
        <ctl name="SLIMBUS_5_TX LSM Function" value="AUDIO" />
    </path>

    <path name="listen-voice-wakeup-2">
        <ctl name="LSM2 MUX" value="SLIMBUS_5_TX" />
        <ctl name="SLIMBUS_5_TX LSM Function" value="AUDIO" />
    </path>
    <path name="listen-voice-wakeup-3">
        <ctl name="LSM3 MUX" value="SLIMBUS_5_TX" />
        <ctl name="SLIMBUS_5_TX LSM Function" value="AUDIO" />
    </path>
    <path name="listen-voice-wakeup-4">
        <ctl name="LSM4 MUX" value="SLIMBUS_5_TX" />
        <ctl name="SLIMBUS_5_TX LSM Function" value="AUDIO" />
    </path>
    <path name="listen-voice-wakeup-5">
        <ctl name="LSM5 MUX" value="SLIMBUS_5_TX" />
        <ctl name="SLIMBUS_5_TX LSM Function" value="AUDIO" />
    </path>
    <path name="listen-voice-wakeup-6">
        <ctl name="LSM6 MUX" value="SLIMBUS_5_TX" />
        <ctl name="SLIMBUS_5_TX LSM Function" value="AUDIO" />
    </path>
    <path name="listen-voice-wakeup-7">
        <ctl name="LSM7 MUX" value="SLIMBUS_5_TX" />
        <ctl name="SLIMBUS_5_TX LSM Function" value="AUDIO" />
    </path>
    <path name="listen-voice-wakeup-8">
        <ctl name="LSM8 MUX" value="SLIMBUS_5_TX" />
        <ctl name="SLIMBUS_5_TX LSM Function" value="AUDIO" />
    </path>

    <path name="listen-handset-mic">
        <ctl name="MADONOFF Switch" value="1" />
        <ctl name="MAD Input" value="DMIC1" />
    </path>

</mixer>
